John,Doe,johndoe@email.com,Test1234,Test1234
Jane,Smith,janesmith@email.com,Password123,Password123
Daniel,Sam,daniel@email.com,Yesyes123,Yesyes123
Oliver,Kan,oliver@email.com,Okayokay123,Okayokay123